Name,Author,User Rating,Reviews,Price,Year,Genre
1984 (Signet Classics),George Orwell,4.7,21424,6,2017,Fiction
A Gentleman in Moscow: A Novel,Amor Towles,4.7,19699,15,2017,Fiction
A Man Called Ove: A Novel,Fredrik Backman,4.6,23848,8,2017,Fiction
Astrophysics for People in a Hurry,Neil deGrasse Tyson,4.7,9374,9,2017,Non Fiction
"Brown Bear, Brown Bear, What Do You See?",Bill Martin Jr.,4.9,14344,5,2017,Fiction
Dear Zoo: A Lift-the-Flap Book,Rod Campbell,4.8,10922,5,2017,Fiction
Dog Man: A Tale of Two Kitties: From the Creator of Captain Underpants (Dog Man #3),Dav Pilkey,4.9,4786,8,2017,Fiction
First 100 Words,Roger Priddy,4.7,17323,4,2017,Non Fiction
Giraffes Can't Dance,Giles Andreae,4.8,14038,4,2017,Fiction
Goodnight Moon,Margaret Wise Brown,4.8,8837,5,2017,Fiction
"Harry Potter and the Prisoner of Azkaban: The Illustrated Edition (Harry Potter, Book 3)",J.K. Rowling,4.9,3146,30,2017,Fiction
Hillbilly Elegy: A Memoir of a Family and Culture in Crisis,J. D. Vance,4.4,15526,14,2017,Non Fiction
How to Win Friends & Influence People,Dale Carnegie,4.7,25001,11,2017,Non Fiction
If Animals Kissed Good Night,Ann Whitford Paul,4.8,16643,4,2017,Fiction
Killers of the Flower Moon: The Osage Murders and the Birth of the FBI,David Grann,4.6,8393,17,2017,Non Fiction
Laugh-Out-Loud Jokes for Kids,Rob Elliott,4.6,6990,4,2017,Non Fiction
Leonardo da Vinci,Walter Isaacson,4.5,3014,21,2017,Non Fiction
Make Your Bed: Little Things That Can Change Your Life...And Maybe the World,Admiral William H. McRaven,4.7,10199,11,2017,Non Fiction
Milk and Honey,Rupi Kaur,4.7,17739,8,2017,Non Fiction
Milk and Vine: Inspirational Quotes From Classic Vines,Adam Gasiewski,4.4,3113,6,2017,Non Fiction
Obama: An Intimate Portrait,Pete Souza,4.9,3192,22,2017,Non Fiction
"Oh, the Places You'll Go!",Dr. Seuss,4.9,21834,8,2017,Fiction
"Option B: Facing Adversity, Building Resilience, and Finding Joy",Sheryl Sandberg,4.5,1831,9,2017,Non Fiction
Origin: A Novel (Robert Langdon),Dan Brown,4.3,18904,13,2017,Fiction
Player's Handbook (Dungeons & Dragons),Wizards RPG Team,4.8,16990,27,2017,Fiction
"Publication Manual of the American Psychological Association, 6th Edition",American Psychological Association,4.5,8580,46,2017,Non Fiction
Puppy Birthday to You! (Paw Patrol) (Little Golden Book),Golden Books,4.8,4757,4,2017,Fiction
Ready Player One: A Novel,Ernest Cline,4.6,22536,12,2017,Fiction
StrengthsFinder 2.0,Gallup,4.0,5069,17,2017,Non Fiction
The 5 Love Languages: The Secret to Love that Lasts,Gary Chapman,4.8,25554,8,2017,Non Fiction
The 7 Habits of Highly Effective People: Powerful Lessons in Personal Change,Stephen R. Covey,4.7,4725,16,2017,Non Fiction
The Four Agreements: A Practical Guide to Personal Freedom (A Toltec Wisdom Book),Don Miguel Ruiz,4.7,23308,6,2017,Non Fiction
The Getaway,Jeff Kinney,4.8,5836,0,2017,Fiction
The Going-To-Bed Book,Sandra Boynton,4.8,5249,5,2017,Fiction
The Handmaid's Tale,Margaret Atwood,4.3,29442,7,2017,Fiction
The Instant Pot Electric Pressure Cooker Cookbook: Easy Recipes for Fast & Healthy Meals,Laurel Randolph,4.3,7368,7,2017,Non Fiction
The Life-Changing Magic of Tidying Up: The Japanese Art of Decluttering and Organizing,Marie Kond≈ç,4.5,22641,11,2017,Non Fiction
The Pout-Pout Fish,Deborah Diesen,4.8,9784,5,2017,Fiction
The Shack: Where Tragedy Confronts Eternity,William P. Young,4.6,19720,8,2017,Fiction
The Subtle Art of Not Giving a F*ck: A Counterintuitive Approach to Living a Good Life,Mark Manson,4.6,26490,15,2017,Non Fiction
The Sun and Her Flowers,Rupi Kaur,4.7,5487,9,2017,Non Fiction
The Very Hungry Caterpillar,Eric Carle,4.9,19546,5,2017,Fiction
The Whole30: The 30-Day Guide to Total Health and Food Freedom,Melissa Hartwig Urban,4.6,7508,16,2017,Non Fiction
The Wonderful Things You Will Be,Emily Winfield Martin,4.9,8842,10,2017,Fiction
Thirteen Reasons Why,Jay Asher,4.5,7932,9,2017,Fiction
Thug Kitchen: The Official Cookbook: Eat Like You Give a F*ck (Thug Kitchen Cookbooks),Thug Kitchen,4.6,11128,23,2017,Non Fiction
"Tools of Titans: The Tactics, Routines, and Habits of Billionaires, Icons, and World-Class Performers",Timothy Ferriss,4.6,4360,21,2017,Non Fiction
What Happened,Hillary Rodham Clinton,4.6,5492,18,2017,Non Fiction
Wonder,R. J. Palacio,4.8,21625,9,2017,Fiction
You Are a Badass: How to Stop Doubting Your Greatness and Start Living an Awesome Life,Jen Sincero,4.7,14331,8,2017,Non Fiction
